Year,Ensemble_SPI,Random Forest,Gradient Boosting,MLP,SVR
2024,0.08258453762519685,0.09283618004821326,0.2885763271483868,0.024338150171297444,-0.07541250686711008
2025,-0.059367623848300174,0.030784782031982268,-0.08378629503573297,-0.06996194632179073,-0.11450703606765926
2026,0.0007234035092052206,0.1039637781326133,-0.04653594865400171,-0.13593234095138965,0.08139812550959893
2027,-0.018134706536175726,0.1005889007073166,-0.09355002889340053,-0.15609394091302603,0.07651624295440705
2028,0.10049609216941158,0.1700702597596577,0.3627883959800757,-0.17505415537581662,0.04417986831372954
2029,0.08726099678746643,0.15205586703568647,0.3510983551517211,-0.1675688484745349,0.013458613436993078
2030,-0.028140891023553435,-0.0029656395780663803,0.04169206780640487,-0.13583086111147413,-0.015459131211078104
