Model,R2,RMSE,MAE,Correlation
SVR,0.7743876698558007,0.43203706365396477,0.34703018445846,0.8899091790349952
RF,0.7320218225388673,0.47085729658190356,0.3631316976650399,0.8558591141802823
XGB,0.8056523335341161,0.4009860420027474,0.30578512323419055,0.8987924525950202
MLP,0.7898679818600316,0.41695165884550084,0.31719133586010545,0.8891422917593933
LSTM,0.8116372172888325,0.3947636347926871,0.285286647848368,0.9016423283705565
