Model,R2,RMSE,MAE,Correlation
SVR,0.45191046070998697,0.5400824516365311,0.4308019234810213,0.7373100360940577
RF,0.2684818177324695,0.6239458096145865,0.5056623877810709,0.6038282235946582
XGB,0.39131876177403757,0.569153312052606,0.44772463388733663,0.6770964550898378
MLP,0.34315838704579515,0.5912411311411133,0.4825404760940971,0.6555177479084323
LSTM,0.49405850901644754,0.518900940548134,0.40964719843629466,0.744574470454337
